date,process_id,process_type,owner_team,status,start_time,end_time,handling_minutes,error_rework,error_type,rework_cost,system_used,approval_required,final_outcome
2026-04-01,INV-1001,invoice,Finance,completed,09:05,09:17,12,no,,0,Xero,yes,paid
2026-04-01,INV-1002,invoice,Finance,completed,09:22,09:33,11,no,,0,Xero,yes,paid
2026-04-01,INV-1003,invoice,Finance,completed,10:10,10:29,19,yes,missing_purchase_order,48,Xero,yes,corrected
2026-04-02,INV-1004,invoice,Finance,completed,09:12,09:21,9,no,,0,Xero,yes,paid
2026-04-02,INV-1005,invoice,Finance,completed,09:40,09:54,14,no,,0,Xero,yes,paid
2026-04-02,INV-1006,invoice,Finance,completed,11:02,11:19,17,yes,duplicate_check,52,Xero,yes,corrected
2026-04-03,INV-1007,invoice,Finance,completed,08:55,09:08,13,no,,0,Xero,yes,paid
2026-04-03,INV-1008,invoice,Finance,completed,09:18,09:28,10,no,,0,Xero,yes,paid
2026-04-03,INV-1009,invoice,Finance,completed,14:05,14:21,16,no,,0,Xero,yes,paid
2026-04-06,INV-1010,invoice,Finance,completed,09:03,09:15,12,no,,0,Xero,yes,paid
2026-04-06,INV-1011,invoice,Finance,completed,09:24,09:42,18,yes,wrong_supplier_code,45,Xero,yes,corrected
2026-04-06,INV-1012,invoice,Finance,completed,10:15,10:25,10,no,,0,Xero,yes,paid
2026-04-07,INV-1013,invoice,Finance,completed,09:01,09:12,11,no,,0,Xero,yes,paid
2026-04-07,INV-1014,invoice,Finance,completed,09:19,09:34,15,no,,0,Xero,yes,paid
2026-04-07,INV-1015,invoice,Finance,completed,10:00,10:18,18,yes,approval_delay,60,Xero,yes,corrected
2026-04-08,INV-1016,invoice,Finance,completed,09:14,09:25,11,no,,0,Xero,yes,paid
2026-04-08,INV-1017,invoice,Finance,completed,09:32,09:44,12,no,,0,Xero,yes,paid
2026-04-08,INV-1018,invoice,Finance,completed,11:08,11:21,13,no,,0,Xero,yes,paid
2026-04-09,INV-1019,invoice,Finance,completed,08:50,09:01,11,no,,0,Xero,yes,paid
2026-04-09,INV-1020,invoice,Finance,completed,09:10,09:29,19,yes,missing_purchase_order,50,Xero,yes,corrected
2026-04-09,INV-1021,invoice,Finance,completed,13:20,13:31,11,no,,0,Xero,yes,paid
2026-04-10,INV-1022,invoice,Finance,completed,09:04,09:15,11,no,,0,Xero,yes,paid
2026-04-10,INV-1023,invoice,Finance,completed,09:27,09:40,13,no,,0,Xero,yes,paid
2026-04-10,INV-1024,invoice,Finance,completed,10:44,10:58,14,no,,0,Xero,yes,paid
2026-04-13,INV-1025,invoice,Finance,completed,09:05,09:16,11,no,,0,Xero,yes,paid
2026-04-13,INV-1026,invoice,Finance,completed,09:20,09:34,14,no,,0,Xero,yes,paid
2026-04-13,INV-1027,invoice,Finance,completed,10:06,10:26,20,yes,duplicate_check,55,Xero,yes,corrected
2026-04-14,INV-1028,invoice,Finance,completed,09:11,09:23,12,no,,0,Xero,yes,paid
2026-04-14,INV-1029,invoice,Finance,completed,09:40,09:51,11,no,,0,Xero,yes,paid
2026-04-14,INV-1030,invoice,Finance,completed,13:02,13:16,14,no,,0,Xero,yes,paid
2026-04-15,INV-1031,invoice,Finance,completed,09:03,09:15,12,no,,0,Xero,yes,paid
2026-04-15,INV-1032,invoice,Finance,completed,09:30,09:47,17,yes,wrong_supplier_code,42,Xero,yes,corrected
2026-04-15,INV-1033,invoice,Finance,completed,10:18,10:30,12,no,,0,Xero,yes,paid
2026-04-16,INV-1034,invoice,Finance,completed,08:59,09:12,13,no,,0,Xero,yes,paid
2026-04-16,INV-1035,invoice,Finance,completed,09:21,09:35,14,no,,0,Xero,yes,paid
2026-04-16,INV-1036,invoice,Finance,completed,11:11,11:31,20,yes,approval_delay,58,Xero,yes,corrected
2026-04-17,INV-1037,invoice,Finance,completed,09:02,09:14,12,no,,0,Xero,yes,paid
2026-04-17,INV-1038,invoice,Finance,completed,09:25,09:36,11,no,,0,Xero,yes,paid
2026-04-17,INV-1039,invoice,Finance,completed,10:30,10:43,13,no,,0,Xero,yes,paid
2026-04-20,INV-1040,invoice,Finance,completed,09:00,09:12,12,no,,0,Xero,yes,paid
2026-04-20,INV-1041,invoice,Finance,completed,09:16,09:29,13,no,,0,Xero,yes,paid
2026-04-20,INV-1042,invoice,Finance,completed,10:04,10:24,20,yes,missing_purchase_order,48,Xero,yes,corrected
2026-04-21,INV-1043,invoice,Finance,completed,09:08,09:20,12,no,,0,Xero,yes,paid
2026-04-21,INV-1044,invoice,Finance,completed,09:34,09:46,12,no,,0,Xero,yes,paid
2026-04-21,INV-1045,invoice,Finance,completed,13:09,13:25,16,no,,0,Xero,yes,paid
2026-04-22,INV-1046,invoice,Finance,completed,09:04,09:16,12,no,,0,Xero,yes,paid
2026-04-22,INV-1047,invoice,Finance,completed,09:29,09:48,19,yes,duplicate_check,54,Xero,yes,corrected
2026-04-22,INV-1048,invoice,Finance,completed,10:20,10:33,13,no,,0,Xero,yes,paid
2026-04-23,INV-1049,invoice,Finance,completed,09:07,09:18,11,no,,0,Xero,yes,paid
2026-04-23,INV-1050,invoice,Finance,completed,09:27,09:42,15,no,,0,Xero,yes,paid
2026-04-23,INV-1051,invoice,Finance,completed,11:03,11:18,15,no,,0,Xero,yes,paid
2026-04-24,INV-1052,invoice,Finance,completed,08:56,09:07,11,no,,0,Xero,yes,paid
2026-04-24,INV-1053,invoice,Finance,completed,09:16,09:34,18,yes,wrong_supplier_code,44,Xero,yes,corrected
2026-04-24,INV-1054,invoice,Finance,completed,10:12,10:25,13,no,,0,Xero,yes,paid
2026-04-27,INV-1055,invoice,Finance,completed,09:02,09:14,12,no,,0,Xero,yes,paid
2026-04-27,INV-1056,invoice,Finance,completed,09:24,09:38,14,no,,0,Xero,yes,paid
2026-04-27,INV-1057,invoice,Finance,completed,10:01,10:20,19,yes,approval_delay,62,Xero,yes,corrected
2026-04-28,INV-1058,invoice,Finance,completed,09:09,09:21,12,no,,0,Xero,yes,paid
2026-04-28,INV-1059,invoice,Finance,completed,09:30,09:43,13,no,,0,Xero,yes,paid
2026-04-28,INV-1060,invoice,Finance,completed,13:14,13:28,14,no,,0,Xero,yes,paid
